routeId,originHubId,destinationHubId,distanceKm,typicalDelayMin
RT-00001,WH-001,WH-002,274.1763196590657,89
RT-00002,WH-002,WH-003,229.0467159259265,93
RT-00003,WH-003,WH-004,128.20320348362702,37
RT-00004,WH-004,WH-005,220.54386316692253,84
RT-00005,WH-005,WH-006,182.2794586806471,58
RT-00006,WH-006,WH-007,52.41320599090561,78
RT-00007,WH-007,WH-008,93.8468427240864,82
RT-00008,WH-008,WH-009,231.11857835277698,35
RT-00009,WH-009,WH-010,250.59253890298893,118
RT-00010,WH-010,WH-011,56.6512281659844,78
RT-00011,WH-011,WH-012,270.62610775973985,48
RT-00012,WH-012,WH-013,213.34401116640618,74
RT-00013,WH-013,WH-014,107.81367856503167,40
RT-00014,WH-014,WH-015,244.6447296295842,31
RT-00015,WH-015,WH-016,144.76250226284094,83
RT-00016,WH-016,WH-017,286.85338383125,114
RT-00017,WH-017,WH-018,155.2237123574123,41
RT-00018,WH-018,WH-019,184.582342726776,88
RT-00019,WH-019,WH-020,166.0331308109109,102
RT-00020,WH-020,WH-021,140.80697051765873,87
RT-00021,WH-021,WH-022,200.33926088133327,82
RT-00022,WH-022,WH-023,53.05564155058899,30
RT-00023,WH-023,WH-024,142.52316770958302,95
RT-00024,WH-024,WH-025,170.46079988633727,92
RT-00025,WH-025,WH-026,179.3032544166097,59
RT-00026,WH-026,WH-027,218.64906966305279,59
RT-00027,WH-027,WH-028,92.51720896958949,112
RT-00028,WH-028,WH-029,63.1113254935441,111
RT-00029,WH-029,WH-030,74.39705518962967,93
RT-00030,WH-030,WH-031,54.020564064157185,84
RT-00031,WH-031,WH-032,177.26330226056677,71
RT-00032,WH-032,WH-033,210.14427306233137,50
RT-00033,WH-033,WH-034,137.24479447604105,69
RT-00034,WH-034,WH-035,164.23257427562862,65
RT-00035,WH-035,WH-036,197.16230560571253,98
RT-00036,WH-036,WH-037,237.04066675781644,63
RT-00037,WH-037,WH-038,94.32848197128686,77
RT-00038,WH-038,WH-039,273.9124376812563,54
RT-00039,WH-039,WH-040,263.40069742453994,39
RT-00040,WH-040,WH-041,256.63538024516515,48
RT-00041,WH-041,WH-042,232.961322422705,73
RT-00042,WH-042,WH-043,284.8451816562581,41
RT-00043,WH-043,WH-044,297.2214593762333,83
RT-00044,WH-044,WH-045,291.39873144652177,58
RT-00045,WH-045,WH-046,159.92992839483185,112
RT-00046,WH-046,WH-047,119.02370265732225,101
RT-00047,WH-047,WH-048,73.3717480479968,116
RT-00048,WH-048,WH-049,87.62062451520964,52
RT-00049,WH-049,WH-050,163.293967969863,115
RT-00050,WH-050,WH-051,215.6548477451925,87
RT-00051,WH-051,WH-052,239.7890131541557,78
RT-00052,WH-052,WH-053,175.3122025113783,76
RT-00053,WH-053,WH-054,289.42185461545296,93
RT-00054,WH-054,WH-055,54.717995304526966,50
RT-00055,WH-055,WH-056,188.34415526437397,62
RT-00056,WH-056,WH-057,83.84471331995209,108
RT-00057,WH-057,WH-058,119.63257459092803,118
RT-00058,WH-058,WH-059,299.56057535578447,116
RT-00059,WH-059,WH-060,128.77073645519633,54
RT-00060,WH-060,WH-061,64.90398383518762,113
RT-00061,WH-061,WH-062,65.18428719003276,116
RT-00062,WH-062,WH-063,287.9543976346099,104
RT-00063,WH-063,WH-064,53.20317677923024,108
RT-00064,WH-064,WH-065,125.42440192146391,110
RT-00065,WH-065,WH-066,95.28024794371998,68
RT-00066,WH-066,WH-067,112.52956747682799,97
RT-00067,WH-067,WH-068,196.31775253677029,103
RT-00068,WH-068,WH-069,271.24147357464074,88
RT-00069,WH-069,WH-070,109.70897796087101,95
RT-00070,WH-070,WH-071,119.1229705242955,78
RT-00071,WH-071,WH-072,198.6589689773557,65
RT-00072,WH-072,WH-073,214.02731878766227,32
RT-00073,WH-073,WH-074,163.96084405145928,44
RT-00074,WH-074,WH-075,285.08440909314004,95
RT-00075,WH-075,WH-076,101.4328194901525,49
RT-00076,WH-076,WH-077,238.76509667600018,49
RT-00077,WH-077,WH-078,192.11406475409154,80
RT-00078,WH-078,WH-079,219.77588014608298,80
RT-00079,WH-079,WH-080,202.08140243324837,77
RT-00080,WH-080,WH-081,161.9204419074624,101
RT-00081,WH-081,WH-082,211.54978066364927,83
RT-00082,WH-082,WH-083,76.07918285600545,101
RT-00083,WH-083,WH-084,159.08690913646376,102
RT-00084,WH-084,WH-085,143.38429198877432,114
RT-00085,WH-085,WH-086,115.8583996439032,89
RT-00086,WH-086,WH-087,233.86831171735065,92
RT-00087,WH-087,WH-088,259.1665106421556,73
RT-00088,WH-088,WH-089,231.2572302160221,35
RT-00089,WH-089,WH-090,160.89067894747046,49
RT-00090,WH-090,WH-091,249.74648997505014,87
RT-00091,WH-091,WH-092,99.37703758371688,78
RT-00092,WH-092,WH-093,275.7044571279803,69
RT-00093,WH-093,WH-094,141.14044039334354,60
RT-00094,WH-094,WH-095,128.07669017325577,43
RT-00095,WH-095,WH-096,67.75274281827743,100
RT-00096,WH-096,WH-097,85.56790021490994,57
RT-00097,WH-097,WH-098,124.82012088449092,72
RT-00098,WH-098,WH-099,264.96139322829754,87
RT-00099,WH-099,WH-100,236.12471571281236,32
RT-00101,WH-011,WH-006,736.46,276
RT-00102,WH-023,WH-039,832.49,304
RT-00103,WH-013,WH-097,902.25,74
RT-00104,WH-092,WH-048,831.27,25
RT-00105, WH-087 ,WH-027,571.67,225
RT-00106,WH-006,WH-033,null,126
RT-00107,WH-051,WH-084,835.51,74
RT-00108,WH-076,WH-061,681.62,116
RT-00109,WH-018,WH-091,133.04,320
RT-00110,WH-075,WH-035,36.11,154
RT-00111,WH-011,WH-060,1214.14,108
RT-00112,wh-048, WH-076 ,651.75,181
RT-00113,WH-081,WH-018,600.37,148
rt-00114,wh-007,WH-069,67.58,279
 RT-00115 ,WH-057,WH-095,N/A, 334 
RT-00116,WH-080,WH-023,805.34,359
 RT-00117 ,,WH-059,1222.77,57
RT-00118,wh-025,WH-016,734.16,144
RT-00119,WH-023,WH-067,1341.94,248
RT-00120, WH-083 ,WH-051,1353.30,85
RT-00121,WH-043,WH-002,264.79,152
RT-00122,WH-013,WH-015,639.46,300
RT-00123,WH-042,WH-001,1263.80,315
,WH-067,WH-017,717.89,239
RT-00125,wh-042,WH-011,87.75,292
RT-00126,WH-020,WH-038,553.29,60
RT-00127,WH-056,WH-076,1405.84,78
RT-00128,WH-017,WH-044,529.70,137
RT-00129,WH-015,WH-060,603.44,51
RT-00130,, WH-094 ,506.69,174
RT-00131,WH-023,WH-030,154.03,307
RT-00132,WH-065,WH-087,1344.47,N/A
RT-00133,WH-063,WH-095,1181.49,257,
RT-00134,wh-100,WH-035,1328.35,248
RT-00135,WH-067, WH-010 ,1060.74,254
RT-00136,WH-011,WH-088, 451.8963879451958 ,277
RT-00137,WH-005,WH-068,321.06,327
RT-00138,WH-072,WH-045,1271.37,24
RT-00139,WH-068,WH-016,1393.96,94,
RT-00140,WH-082,WH-033,917.37,43
RT-00141,WH-018,WH-006,511.90,305
RT-00142,WH-071,WH-099,1365.49,332
RT-00143,wh-087,WH-025,1047.36,256
,WH-085,WH-008,1298.26,326
RT-00145,WH-086,wh-031,1194.68,307
RT-00146,WH-073,WH-041,873.93,23
RT-00147,WH-032,WH-049,368.12,256
RT-00148,WH-037,WH-036,932.38
RT-00149,WH-057,WH-044,487.42,100
RT-00150,WH-028, WH-038 ,321.95,67
RT-00151,WH-051,WH-065,1314.01,110
RT-00152, WH-099 , WH-046 ,1458.52,101
RT-00153,WH-020,WH-026,1256.66,90
RT-00154,WH-065,wh-056,873.48
RT-00155,WH-053,WH-065,1138.15,331
RT-00156,WH-097,WH-042,55.92,353
RT-00157,WH-041,WH-012,213.83
RT-00158,WH-002,WH-025,64.13,194
RT-00159,WH-074,wh-013,697.66,216
RT-00160,wh-024,WH-057,867.28,97
RT-00161,WH-032,WH-087,58.33,270
RT-00162,WH-010,WH-085,312.91,40
RT-00163,WH-039,WH-004,841.21,280
,WH-080,WH-067,904.92,299
RT-00165,WH-034,WH-018,737.10,67
 RT-00166 ,WH-051,WH-024,1437.98,17
RT-00167,WH-075,WH-038,1372.30,247
RT-00168,WH-007,WH-045,727.31,265
RT-00169,WH-039,WH-079,56.50,325
RT-00170,WH-059,WH-070,1136.72,80
RT-00171,WH-067,WH-064,1370.03,95
RT-00172,WH-022,,880.34,198
RT-00173,wh-033,,403.75,176
RT-00174,WH-066,WH-017,1385.41,323
,WH-028,WH-075,383.52,285
RT-00176,WH-073,WH-006,144.52,345
RT-00177,wh-089,wh-001,1141.30,
RT-00178,WH-044,WH-015,595.01,262
 RT-00179 ,WH-041, WH-072 ,623.79,292
RT-00180,WH-033,WH-085,923.17,270
RT-00181,WH-007,WH-031,1052.46,68
RT-00182,WH-098,WH-030,1275.22,243
rt-00183,WH-048,WH-055,99.59,86
RT-00184,WH-080,WH-078,1060.74,232
RT-00185,WH-036,WH-026,1404.30,111
RT-00186,WH-048,WH-050,647.33,275
RT-00187,WH-041,WH-053,824.65,306
RT-00188,WH-066,WH-058,1420.88,202
RT-00189,WH-100,WH-022,133.91
RT-00190,WH-037,WH-083,576.52,49
RT-00191,WH-077,WH-098,1272.33,299
RT-00192, WH-075 ,WH-081,672.33,351
rt-00193,WH-005,WH-004,37.63,164
RT-00194,WH-016,WH-038,664.11,214
RT-00195,WH-098,WH-092,743.62,326
RT-00196,WH-061,WH-055,782.16,317
RT-00197,WH-070,WH-056,,288
RT-00198,WH-089,WH-092,968.04,168
RT-00199,WH-066,WH-014,920.73,272
RT-00200,WH-084,WH-029,840.80,189
RT-00201,WH-035,WH-070,346.34,163
RT-00202,WH-026,wh-016,358.59,19
RT-00203,WH-065,WH-006,140.87,340
 RT-00204 ,WH-096,WH-046,412.75,333
RT-00205,WH-068,WH-099,95.57,344
RT-00206,WH-078,WH-058,1031.08,236
RT-00207,WH-035,WH-041,678.12,48
RT-00208,WH-047,WH-003,263.95,109
RT-00209,WH-064,WH-089,46.33,75
RT-00210,WH-004,WH-078,1345.41,148,
RT-00211,WH-040,WH-021,936.69,164
RT-00212,WH-038,WH-054,55.89,252
RT-00213,,WH-072,244.09,92
RT-00214,WH-057,WH-099,1335.9704847967143km,336
RT-00215,WH-040,WH-037,314.12,182
RT-00216,,WH-012,477.43,25
RT-00217,WH-080,WH-052,782.91,320
RT-00218,WH-060,WH-054,537.82,233
RT-00219,WH-028,WH-030,985.13,343
RT-00220,WH-053,WH-057,755.28,260
RT-00221,WH-080,WH-038,1307.73,303
rt-00222,,WH-061,941.61,225
RT-00223, WH-038 ,WH-071,1462.20,24
RT-00224,WH-025,WH-063,956.92,354
RT-00225,wh-100,WH-063,801.91,123
RT-00226,WH-020,WH-044,993.43,264
RT-00227,WH-083,WH-050,null,355
rt-00228,WH-026,WH-092,1154.19,205
RT-00229,WH-022,WH-093,1439.95,73
RT-00230,WH-054,WH-022,652.33,94
,wh-012,WH-057,null,107
RT-00232,WH-022,WH-027,650.37
RT-00233,WH-066,WH-045,null,267
RT-00234,WH-089,WH-070,1405.35,285
RT-00235,WH-019,WH-061,277.32,37
RT-00236,WH-017, WH-031 ,254.35,148
RT-00237,WH-021,WH-034,631.17,266
RT-00238,WH-040, WH-096 ,770.09,345
RT-00239,WH-097,WH-003,988.26,92
 RT-00240 ,WH-077,WH-027,1196.33,295
RT-00241,WH-047,WH-062,1158.57,290
RT-00242,WH-099,WH-026,382.81331549572536km,218
, WH-071 ,WH-093,560.67,296
RT-00244,wh-047,WH-078,737.27,22
RT-00245,WH-038,WH-058,790.16,65
RT-00246,,WH-039,1445.69,303
 RT-00247 ,WH-075,WH-041,411.66,214
RT-00248,WH-100,WH-068,489.59,242
RT-00249,WH-068,WH-049,24.49,104
RT-00250,WH-014,WH-025,null,174
RT-00251,WH-008,WH-053,1455.98,244
 RT-00252 ,WH-040,WH-022,1300.44,331
RT-00253,WH-033,WH-062,522.17,193
RT-00254,WH-008, WH-045 ,492.60,130
RT-00255,WH-086,WH-001,287.21,322
,WH-035,WH-051,329.25,269,
RT-00257, WH-069 ,WH-096,1155.29,220
RT-00258,WH-093,WH-046,357.96,308
RT-00259,WH-003,WH-082,294.78,320
RT-00260,WH-038,WH-062,921.31,276
RT-00261,wh-095,WH-077,1478.83,N/A
RT-00262,WH-063,WH-078,677.86,295
RT-00263,WH-026,WH-058,1263.98,344
RT-00264,WH-072, WH-080 ,857.79,235
RT-00265,WH-034,WH-065, 158.70358374723878 ,55
RT-00266,WH-004,WH-078,437.54,304
RT-00267,WH-025,WH-081,1070.65,274
RT-00268,WH-054,WH-067,988.81,220
RT-00269,WH-007,wh-015,1021.40,141
RT-00270,,WH-085,867.04,167
RT-00271,WH-050,WH-055,622.78,125
RT-00272,WH-099, WH-048 ,46.88,257
RT-00273,WH-057,WH-068,846.41,219
RT-00274,WH-064,WH-046,313.97, 284 
RT-00275,WH-089,WH-058,1447.10,125
RT-00276,WH-080,WH-078,463.36,65
RT-00277,WH-010,WH-034,1430.93,136
rt-00278,WH-034,WH-017,895.44,169
RT-00279,WH-062,WH-009,768.81,244
RT-00280,WH-096,WH-095,515.28,26
RT-00281,WH-050,WH-075,817.96,322
RT-00282,WH-069,WH-060,294.96,N/A
RT-00283,WH-094,WH-069,660.27,179
 RT-00284 ,WH-024,WH-070, 94.93900614701109 ,99
RT-00285,WH-027,WH-058,1324.33,238
RT-00286,WH-060,WH-018,278.59,100
RT-00287,WH-027,WH-045,671.12,339
RT-00288,WH-030,WH-026,787.35,204
RT-00289,WH-064,WH-080,180.81,159
RT-00290,WH-093,WH-011,941.64,296
RT-00291, WH-081 ,WH-052,644.12,201
RT-00292,WH-068,WH-006,748.45,263
RT-00293,WH-050,WH-075,1012.13,186
RT-00294,WH-054,WH-072,113.77,138
RT-00295,WH-072,WH-064,913.82,216
RT-00296,WH-061,WH-094,485.20,263
RT-00297,WH-051,WH-048,214.07,323

RT-00298,WH-092,,1065.60,99
RT-00299,WH-017,WH-081,152.48,121
RT-00300, WH-014 ,WH-038,648.25,337
RT-00301, WH-012 ,WH-010,1201.85,
RT-00302,WH-040,WH-063,1409.48,225
RT-00303,WH-010,WH-026,845.57,219
RT-00304,WH-090,WH-015,228.14,45
RT-00305,wh-002,wh-065,1171.76,316
RT-00306,wh-075,WH-042,1168.02,260
RT-00307,WH-075,WH-026,457.04,132
RT-00308,WH-025,WH-080,180.99,195
RT-00309,WH-039,wh-028,46.40,117
RT-00310,WH-009,WH-015,196.97, 280 
RT-00311, WH-075 ,WH-091,450.49,138
RT-00312,WH-090,WH-032,114.60,63
RT-00313,WH-004,WH-042,638.35,155
RT-00314,WH-025,WH-078,600.08,151

RT-00315,WH-024,WH-006,377.51,19
RT-00316,WH-090, WH-096 ,21.69,86
RT-00317,WH-052,WH-034,269.78,338
RT-00318,WH-052,WH-100,563.41,259
 RT-00319 , WH-022 ,WH-046,1223.96,124
RT-00320,WH-032,WH-015,1274.75,19
rt-00321,WH-049,WH-061,705.28,190
RT-00322,WH-055,WH-086,940.26,314
 RT-00323 ,WH-056,WH-022,1236.32,305
RT-00324,WH-011,WH-025,1085.37,79
RT-00325,WH-028,WH-096,1384.57,324
RT-00326,WH-023,WH-089,258.21,122
RT-00327, WH-046 ,WH-059,882.09,168
RT-00328,WH-047,WH-012,1019.32,111
RT-00329,WH-051,WH-071,183.93,279
RT-00330,WH-005,WH-054,354.80,23
RT-00331,wh-033,WH-098,648.85,103
RT-00332,WH-071,WH-039,1153.19,65
RT-00333,WH-065,WH-080,,140
RT-00334,WH-069,WH-043,1196.20,186
RT-00335, WH-065 ,WH-045,,24
RT-00336,WH-064,WH-052,208.56,296
RT-00337,WH-077,WH-080,null,
RT-00338,WH-055,WH-098,1423.11,186
RT-00339,WH-034,WH-088,689.60,299
rt-00340,WH-012,WH-064,1255.05,100
RT-00341,WH-078,WH-043,1109.00,218
RT-00342,WH-041,WH-010,334.01,77
RT-00343,WH-058,WH-033,806.65,223
RT-00344,WH-045,WH-026,1373.35,241
 RT-00345 ,WH-006,WH-077,509.50,213
RT-00346,WH-057,WH-028,554.01,
RT-00347,wh-053,WH-098,1119.02,253,
RT-00348,WH-035,WH-044,603.05,247
RT-00349,WH-014,WH-057,988.7312112534227km,226
RT-00350,WH-045,WH-023,1015.08
RT-00351,WH-011,WH-044,952.97,176
RT-00352,WH-027,WH-082,133.19,230
RT-00353,WH-016,WH-083,393.93
RT-00354,WH-037,WH-006,120.10,301
RT-00355,WH-098,WH-065,252.59,55
RT-00356,WH-053,WH-074,N/A,209
RT-00357,WH-017, WH-040 ,1098.85,304
RT-00358,WH-031,WH-026,N/A,221

RT-00359,WH-097,WH-018,26.79,130
RT-00360,WH-049,WH-044,81.76,41
,WH-033,WH-010,286.85,32
RT-00362,WH-093,WH-084,299.53,296
RT-00363,WH-015,WH-043,83.41,343,
RT-00364,WH-045,WH-062,926.36,52
,WH-050,WH-081,998.5401097306305km,342
RT-00366,WH-087,WH-055,597.81,293

RT-00367,WH-008,WH-051,77.93,69
rt-00368,WH-024,WH-080,75.50,24
RT-00369, WH-035 , WH-013 , 655.2879462229477 ,318
RT-00370,wh-021,WH-085,57.26,189
RT-00371,WH-066,WH-033,1104.63,264
RT-00372,WH-063,WH-052,1468.37,264
RT-00373,WH-002,WH-036,321.18,250
rt-00374,WH-064,WH-016,1090.65,288
RT-00375,WH-015,WH-056,805.22,36
RT-00376,WH-041,WH-083,229.75,296
RT-00377,WH-079,WH-063,1323.07,N/A
RT-00378,WH-045,WH-089,1381.72,261
RT-00379,WH-061,WH-020,957.06,204
RT-00380,WH-094,WH-067,310.67,140
RT-00381,WH-088,WH-065,1281.08,N/A
RT-00382,wh-024,WH-098,633.61,52
RT-00383,WH-040,WH-065,1108.45,331
RT-00384,WH-011,WH-047,759.66,306
RT-00385, WH-010 ,WH-022,765.19,316
RT-00386,WH-025,WH-068,1341.57,167
RT-00387,WH-078,,1415.43,N/A,
RT-00388,WH-091,wh-034,849.99,338
RT-00389,WH-006,WH-076,612.90,89
RT-00390,WH-030,WH-024,95.85
RT-00391,WH-002,WH-030,1328.58,41
rt-00392,WH-003,WH-051,705.09,104
RT-00393,WH-068,WH-079,797.72,253
RT-00394,WH-066,WH-015,803.00,103
RT-00395,WH-003,WH-083,1165.73,208
RT-00396,WH-005,WH-084,953.44,152
RT-00397, WH-014 ,WH-013,1184.68,165
RT-00398,WH-004,WH-010,1034.62,310
 RT-00399 ,WH-018, WH-049 , 1180.9485466861388 ,58
RT-00400,WH-003,WH-087,962.49,287
RT-00401,WH-044,WH-037,951.62,139
RT-00402,WH-048,WH-087,504.41,206
RT-00403,WH-086,WH-083,1034.40,78
RT-00404,WH-038,WH-034,604.61,164
RT-00405,WH-048,WH-012,944.75,304
RT-00406,WH-095,wh-100,null,36
,WH-030,WH-092,85.52,45
RT-00408,WH-016,WH-088,1493.33,N/A
RT-00409,WH-087,WH-097,313.27,253
rt-00410,WH-047,WH-009,820.34,306
RT-00411,WH-044,WH-047,156.99, 67 
RT-00412,WH-022,WH-071,852.74,162
RT-00413,WH-012,WH-085,1453.64,184
RT-00414,WH-037,WH-096,1382.82,332
RT-00415,WH-063,WH-085,1149.16,267
RT-00416,WH-030,WH-098,1247.96,210
RT-00417,WH-056,WH-019,863.05, 259 
RT-00418,wh-097,WH-044,1440.34,209
RT-00419,WH-062,WH-100,600.68,246
RT-00420,WH-021,WH-095,114.98,102
 RT-00421 ,,WH-016,313.26,332
RT-00422,WH-016,WH-062,694.45
RT-00423,WH-077,wh-068,1108.90,182
RT-00424,WH-077,WH-012,841.51,37
RT-00425,WH-095,WH-003,665.81,171
RT-00426,WH-072,WH-051,741.03,151
RT-00427,WH-100,WH-033,,272
RT-00428,WH-040,WH-024,952.90,36
,WH-083,WH-041,286.45,265
RT-00430,WH-030,wh-095,958.30,202
RT-00431,WH-035,WH-094,92.26,148
RT-00432,WH-006,WH-078,792.44,282
RT-00433, WH-079 ,WH-091,1411.67,22
RT-00434,WH-046,WH-084,677.48,133
RT-00435,,WH-001,1101.24,30
RT-00436,WH-088,WH-029,568.08,224
RT-00437,WH-086,WH-070,1429.84,108
RT-00438,WH-079,WH-017,528.39,156
RT-00439,WH-009,WH-056,1322.48
RT-00440,WH-009,WH-025,201.83,49
RT-00441,wh-027,WH-028,194.06,N/A
RT-00442,WH-021,WH-082,53.45,259
RT-00443,WH-027,WH-002,1231.71,297
RT-00444, WH-045 ,WH-001,524.18,71
RT-00445,WH-090, WH-046 ,541.80, 296 
rt-00446,WH-069,WH-066,550.43,40
RT-00447,WH-021,WH-088,851.40,317
 RT-00448 ,WH-052,WH-037,709.61,241
RT-00449,WH-093,WH-002, 88.12177184848481 ,52
RT-00450,WH-042,WH-017,758.79,200
RT-00451, WH-061 ,wh-094,464.61,314
RT-00452,WH-008,WH-001,651.21,306
RT-00453,WH-034,wh-010,398.35,114
RT-00454,WH-053,WH-015,81.66,318
 RT-00455 ,WH-001,WH-043,1376.06,321
RT-00456,WH-077,WH-054,171.07,161
RT-00457,WH-029,WH-006,350.42,122
RT-00458,WH-085,WH-048,1418.58,262
RT-00459,WH-030,WH-065,231.50,171
RT-00460,WH-094,WH-028,1244.61,169
RT-00461,WH-079,WH-014,341.68,297
RT-00462, WH-080 ,WH-016,1443.32,107
RT-00463,WH-006,WH-086,1062.7592855073106km,20
RT-00464,WH-066,WH-012,683.92,319
 RT-00465 ,WH-060,WH-075,1405.35,263
RT-00466,WH-071,WH-100,,250
RT-00467, WH-088 ,WH-029,464.38,254
RT-00468,WH-008,WH-052,705.14,286
RT-00469,WH-090,WH-092,480.76,207
RT-00470,WH-067,WH-037,1309.07,107
,WH-063,WH-069,868.31,190
RT-00472,WH-054,WH-032,146.09,226
RT-00473,wh-013,WH-089,686.37,151
rt-00474,WH-006,WH-015,1057.11,178
RT-00475,WH-082,wh-040,73.27,62
RT-00476,WH-011,WH-031,null,202
RT-00477, WH-092 ,WH-086,1102.38,52
rt-00478,WH-095,WH-054,1021.53,166
 RT-00479 , WH-033 ,WH-009,337.92,225
RT-00480,WH-025,WH-032,1022.75,193
RT-00481,WH-003,WH-094, 652.4938923685689 ,20
RT-00482,WH-044,WH-012,1045.25,180
RT-00483,WH-070,WH-010,1066.08,60
RT-00484,WH-023,WH-011,50.70,52
RT-00485,wh-037,WH-013,786.74,241
RT-00486,WH-098,WH-020,1096.49,272
RT-00487,WH-045,WH-009,1022.03,166
RT-00488,WH-099,WH-047,669.47,353
RT-00489,WH-044,wh-046,590.42,71
RT-00490, WH-092 ,WH-016,null,263
RT-00491,WH-032,WH-052,1243.47,206
RT-00492,WH-087,WH-043,939.71,168
RT-00493,WH-046,WH-005,N/A,107
RT-00494,WH-010,WH-063,186.33,354
RT-00495,WH-011,WH-087,886.06,352
RT-00496,WH-067,WH-077,610.88,271
RT-00497,WH-082,WH-067,1138.97,171
 RT-00498 ,WH-055,WH-090,873.37,212
RT-00499,WH-078,,1397.30,102
RT-00500,WH-078,WH-077,610.59,143
RT-00501,WH-079,WH-015,827.49,233
RT-00502,WH-080,,82.52
RT-00503,WH-062,WH-070,332.33,316
RT-00504,WH-008,WH-037,681.44,187
rt-00505,WH-058,WH-044,976.98,225
RT-00506,WH-029,wh-035,1101.01,27
RT-00507,WH-022,WH-045,1084.94,111
RT-00508,WH-094,WH-040,1466.33,77
RT-00509,WH-022,WH-065,757.13,301
RT-00510,WH-077,WH-005,1190.52,339
RT-00511,WH-012, WH-075 ,1060.24,135
RT-00512,WH-097,wh-071,882.43,332
RT-00513,WH-094,WH-045,1212.05,85
RT-00514,WH-068,WH-027,null,107
RT-00515,WH-093,WH-084,893.63,209
RT-00516,WH-061,WH-081,23.53,334
RT-00517,WH-073,WH-030,1295.04,114
RT-00518,WH-013,WH-063,924.87,333
RT-00519,WH-080,WH-045,1007.74,281
RT-00520,WH-002,wh-089,724.35,322
RT-00521,WH-043,WH-081, 606.3418213214253 ,36
RT-00522,WH-022,WH-004,927.05,29
RT-00523,WH-054,WH-022,488.91,86
RT-00524,WH-050,WH-098,675.99,75
RT-00525,WH-011,WH-042,503.55,62
rt-00526,WH-034,WH-072,199.51,198
RT-00527,WH-039,WH-095,1116.75,31
RT-00528,WH-083,wh-028,696.79,333
RT-00529,WH-087,WH-018,60.29,19
rt-00530,WH-087,WH-061,745.66,96
RT-00531,WH-077,WH-014,1187.50,183
RT-00532,WH-100,WH-053,241.14,277
RT-00533,WH-061,WH-034,,305
RT-00534,WH-081,WH-088,N/A,236
RT-00535,WH-044,WH-034,499.25,177
 RT-00536 ,WH-001,WH-096,1047.17,61
RT-00537,WH-037,WH-038,503.93,196
RT-00538,WH-082,WH-050,38.11,217
RT-00539,WH-068,WH-003,1458.50,347
RT-00540,WH-067,WH-061,324.90,277
RT-00541,WH-033,WH-083,1397.81,70
RT-00542, WH-046 ,WH-031,131.85,256
 RT-00543 ,WH-003,WH-095,1444.10
RT-00544,WH-009,WH-093,,48
RT-00545,WH-010,WH-075,1218.14,235
RT-00546,WH-092,WH-034,306.37,192
RT-00547,WH-006,WH-079,1350.43,306
,WH-095,WH-097,669.75,234
RT-00549,WH-062,WH-072,null,67
RT-00550,WH-089,WH-048,882.39,166
RT-00551,WH-045,WH-053,1240.37,118
rt-00552,WH-090,WH-030,414.35,292
RT-00553,WH-086,WH-009,1447.97,70
RT-00554,WH-074,WH-026,778.05,124
RT-00555,WH-030,WH-018,867.0565835658003km,326
RT-00556,wh-075,WH-082,1300.72,248
RT-00557,wh-062,WH-022,1344.76,138
RT-00558,wh-020,WH-035,1219.88,175
RT-00559,WH-017,WH-079,364.87,248
RT-00560,WH-012,WH-035,420.16,305
RT-00561,WH-026,WH-002,842.60,155
RT-00562,WH-046,WH-098,N/A,49
RT-00563,WH-009,WH-026,749.30,133
RT-00564,WH-088,WH-016,371.14,338
RT-00565,WH-027,WH-006,683.49,72
RT-00566,WH-090,,1392.79,88
RT-00567,WH-023,WH-091,,210
RT-00568,WH-057,WH-034,286.50,314
rt-00569,,WH-008,153.30,79
,WH-075,WH-037,866.08,35
 RT-00571 ,WH-063,WH-080,912.19, 172 
RT-00572,WH-031,WH-085,1057.69,99
RT-00573,WH-006,WH-074,N/A,99
RT-00574, WH-078 ,WH-099,159.26,192
RT-00575,WH-074,WH-005,797.12,268
RT-00576,WH-044,WH-023,249.03,22
RT-00577,WH-021,WH-020,1496.05,275
RT-00578,WH-088,WH-098,689.63,346,
RT-00579,WH-005, WH-036 ,398.10,83
RT-00580,WH-070,WH-034,933.94,350
,WH-030, WH-056 ,147.65,185
RT-00582,WH-017,WH-028,1005.03,47
RT-00583,WH-073,WH-057,1266.81
RT-00584,WH-044,WH-051,1214.84,202
RT-00585,WH-044,WH-028,885.11,106
RT-00586,WH-028,WH-004,1155.56,154
RT-00587,WH-070,WH-066,589.33,17
rt-00588,,wh-031,null,132
RT-00589,WH-042,WH-001,1078.26,258
RT-00590,WH-050,WH-099,1493.59,96
RT-00591,wh-040,WH-044,1248.96,167
RT-00592,WH-043,WH-018,136.78,23
rt-00593,WH-033,WH-041,40.44
RT-00594,WH-032,WH-004,820.41, 338 
RT-00595,WH-068,WH-052,N/A,145
 RT-00596 ,WH-063,WH-067,928.56,120
RT-00597,WH-083,WH-099,1010.61,147
RT-00598,WH-067,WH-097,N/A,312
RT-00599,WH-044,WH-079,894.96,167
RT-00600,WH-074,WH-025,610.0221448650201km,43
RT-00601,wh-022,WH-046,,347
RT-00602,WH-004,wh-062,250.06,248
RT-00603,WH-077,WH-083,757.58,342
RT-00604,WH-014,WH-049,42.55, 324 
 RT-00605 ,WH-033,WH-008,248.96,178
 RT-00606 ,WH-033,WH-030,349.05,232
RT-00607, WH-007 ,WH-073,1089.46,251
RT-00608,WH-020,WH-037,84.73,201
RT-00609,WH-015,WH-030,1445.50,333
RT-00610,WH-013,WH-032,1360.34,80
RT-00611,WH-032,WH-070,1102.31,94
RT-00612,WH-056,WH-063,145.89,44
RT-00613,WH-080,WH-028,1219.72,169
RT-00614,wh-006,WH-068,818.78,150
RT-00615,WH-030,WH-081,1232.98,331
RT-00616,WH-028,WH-015,622.60,150
RT-00617, WH-094 , WH-095 ,889.32,96
RT-00618,WH-058,WH-030,475.44,352
RT-00619,WH-073,WH-031,343.14,345
RT-00620,WH-021,WH-057,1364.50,67
RT-00621,WH-098,WH-080,306.77,110
RT-00622,WH-076,WH-088,246.29,146
,WH-026,WH-061,1041.48,155
RT-00624,WH-003,WH-004,417.28,140
RT-00625,WH-075,WH-084,527.85,184
RT-00626,WH-034,WH-078,988.66,287
RT-00627, WH-038 ,WH-018,1320.25,146
RT-00628,WH-084,WH-031,861.47,28
RT-00629,WH-086,WH-038,232.42,162
RT-00630,WH-001,WH-047,1497.60,68
RT-00631,WH-075,wh-069,741.65,268
 RT-00632 ,wh-091,WH-089,623.86,186
RT-00633,WH-004,WH-072,425.50,226
RT-00634,WH-005,WH-014,51.43,77
RT-00635,WH-084,WH-052,1139.86,354
RT-00636,WH-079, WH-045 ,905.00,220
RT-00637,WH-092,WH-051,506.25,126
RT-00638,WH-041,WH-075,1341.30,340
RT-00639,WH-006,WH-012,1327.26,21
RT-00640,WH-086,wh-043,165.34,274
RT-00641,WH-046,WH-040,392.08,291
RT-00642,WH-072,WH-024,454.09,335
RT-00643,WH-006,WH-004,1292.66,72
RT-00644,WH-095,WH-018,1022.98,226
RT-00645,WH-060,WH-039,358.56,199
RT-00646,WH-089,WH-065,312.52,251
RT-00647,WH-024,WH-066,394.18,132
RT-00648,WH-065,WH-095,1125.71,197
RT-00649,WH-039,WH-008,1134.52,71
RT-00650,WH-013,WH-005,163.01044126348054km,245
RT-00651,wh-028,WH-061,1202.21,93
RT-00652,WH-028,WH-035,154.52,99
 RT-00653 , WH-008 ,WH-093,262.68,100
,WH-089,wh-033,965.70,95
RT-00655,WH-062,wh-090,1475.41,316
RT-00656,WH-033,wh-092,60.47,41
RT-00657,WH-025,WH-079,1357.12,165
RT-00658,WH-090,WH-063,516.20,183
RT-00659,WH-094,wh-058,1171.55,50
RT-00660,WH-069,,819.00,157
RT-00661,wh-052,WH-023,585.44,314
RT-00662,WH-094,WH-099,522.84,177
RT-00663,WH-064,WH-042,1052.61,161
RT-00664,WH-016,WH-051,481.35,251

RT-00665,WH-068,WH-018,644.47,336
RT-00666,,WH-061,1234.76,202
RT-00667,WH-056,WH-039,1253.87,101
 RT-00668 ,WH-017,WH-018,1416.35,55
RT-00669,WH-058,WH-085,1114.41,215
RT-00670,WH-003,WH-065,815.03,60
RT-00671,WH-043,WH-047,48.96,129
RT-00672,WH-051,WH-059,819.73,174
RT-00673,WH-007,WH-010,75.61,178
RT-00674,WH-036,WH-016,659.48,347
RT-00675,WH-016,WH-080,723.75,260
RT-00676,WH-036,WH-012,593.1901175781719km,58
,WH-035,WH-040,1024.57,17
RT-00678,WH-072,WH-099,609.93,60
RT-00679, WH-070 ,WH-017,863.47,104
RT-00680,WH-016,WH-098,235.22,164
RT-00681,WH-040,WH-060,892.39,94
RT-00682,WH-073,WH-077,472.71,259
RT-00683,WH-054,WH-051,795.49,351
RT-00684,WH-092,WH-037,393.49, 44 
RT-00685,WH-076,WH-042,1134.22,302
RT-00686,WH-082,WH-029,1178.83,357
RT-00687,WH-056,WH-032,200.01,292
RT-00688,WH-016,WH-075,188.71,270
RT-00689,wh-021,WH-052,721.92,31
RT-00690,WH-046,WH-042,360.71,119
RT-00691,WH-076,WH-097,1498.53,114
RT-00692,WH-012,WH-085,561.68,268
RT-00693,WH-026,WH-092,319.23,266
RT-00694,WH-086, WH-076 ,1091.99,110
RT-00695,WH-002,WH-043,626.24,235
rt-00696,WH-044, WH-040 ,43.51,320
RT-00697,WH-002,WH-012,194.28,72
RT-00698,WH-047,WH-085,159.44,171
RT-00699,WH-082,WH-054,895.30,29
RT-00700,WH-001,WH-093,227.34,62
RT-00701,WH-069,WH-050,918.64,98
RT-00702,WH-058,WH-011,211.23,16
RT-00703,WH-074,WH-090,1075.92,61
RT-00704,WH-099,WH-025,1446.51,155
RT-00705,WH-092,WH-088,249.90,32
RT-00706,WH-061,WH-034,961.04,59
RT-00707,WH-065, WH-090 ,1393.51,23
RT-00708,WH-079,WH-014,1332.42,251
RT-00709,WH-001,WH-027,33.75,57
RT-00710,WH-025,WH-031,949.41,49
RT-00711,WH-029,WH-053,946.2621663274273km,176
RT-00712, WH-013 ,WH-088,22.87,66
RT-00713,WH-028,,846.13,109
RT-00714,WH-083,WH-042,1269.98,77
RT-00715,WH-084,WH-071,1021.48,270
RT-00716,WH-048,WH-094,1036.95,268
RT-00717, WH-081 ,WH-018,1441.87,96
RT-00718, WH-050 ,WH-076,1178.09,177
RT-00719,WH-060,WH-075,501.05,283
 RT-00720 ,WH-039,WH-092,350.83,213
RT-00721,WH-010,wh-068,251.08,254
RT-00722,WH-092,WH-003,588.33,47
RT-00723,WH-030,WH-014,568.02,177
 RT-00724 ,WH-047,WH-039,540.77,143
RT-00725,WH-038,WH-065,596.07,299
RT-00726,WH-057,WH-094,195.94,70
RT-00727,wh-025,WH-065,38.01,89
rt-00728,WH-075,WH-054,1258.06,218
, WH-005 ,WH-088,1446.77,316
RT-00730,WH-042,wh-047,829.88,267
RT-00731,wh-062,WH-039,699.96,225
RT-00732,WH-020, WH-054 ,1481.41,263
RT-00733,WH-071,WH-082,841.03,293
RT-00734,WH-077,WH-074,1316.11,152
RT-00735,WH-049,WH-037,478.52,116
RT-00736,WH-057,WH-027,1114.33,208
RT-00737,WH-069,WH-097,389.68,250
RT-00738,WH-013,WH-068,298.73,213
RT-00739,WH-047,WH-027,179.16,192
RT-00740,WH-071,wh-017,1174.81,36
RT-00741,wh-026,WH-094,719.49,61
rt-00742,WH-021,WH-035,413.24,116
RT-00743,WH-026,WH-078,1165.50,309
 RT-00744 ,WH-077,,262.70,80
RT-00745,WH-091,WH-052,694.96,42
RT-00746,WH-003,wh-031,966.63,300
RT-00747,WH-046,WH-085,264.48,249
RT-00748,WH-043,WH-098,39.77,106
RT-00749,WH-092,WH-007,653.81,315
RT-00750,WH-073,WH-093,1436.48,47
RT-00751,WH-055, WH-021 , 476.1679179605191 ,319
rt-00752,WH-031,WH-019, 1294.6206015789523 ,60
RT-00753,WH-039,WH-098,434.17,295
RT-00754, WH-044 ,WH-064,376.36,145
RT-00755,WH-044,WH-072,1400.63,305
 RT-00756 ,WH-025,WH-051,1392.98,137
RT-00757,WH-089,WH-039,1309.15,275
RT-00758,WH-004,WH-014,1234.33,254
 RT-00759 ,wh-038,WH-065,337.64,44
RT-00760,WH-021,WH-055,756.77,59
RT-00761,WH-005,WH-007,1416.22,282,
RT-00762,,WH-096,1364.36,338
RT-00763,WH-085,WH-026,471.71,
RT-00764,WH-077,WH-020,1455.02,341
rt-00765,WH-055,WH-014,475.49,218
RT-00766,WH-054, WH-094 ,1162.03,30
rt-00767,WH-095,wh-056,185.30,N/A
RT-00768,WH-093,WH-036,574.68,237
rt-00769,WH-063,WH-013,N/A,340
RT-00770,WH-044,WH-057,438.38,83
RT-00771,WH-011, WH-069 ,435.58,73
RT-00772,WH-043,WH-054,388.00,246
RT-00773,WH-092,WH-071,482.75,193
RT-00774,WH-012,WH-030,81.86,114
RT-00775, WH-068 ,WH-028,872.08,196
RT-00776,WH-073,WH-048,237.65,147
RT-00777,WH-082,WH-030,N/A,31
RT-00778,WH-045,WH-020,879.60,194
RT-00779,WH-072,WH-001,1009.62,206
RT-00780,WH-074,WH-013,523.72,276
RT-00781,WH-065,WH-029, 633.8722400261826 ,220
RT-00782,WH-098,WH-039,406.67,214
RT-00783,WH-046,WH-076,792.35,297
RT-00784,WH-021,WH-031,22.61,110
RT-00785,WH-036,wh-056,987.34,296
,,WH-031,1095.90,164,
RT-00787,WH-082,WH-049,1166.79,249
RT-00788,WH-022,WH-025,1137.88,296
RT-00789,WH-027,WH-080,517.08,70
RT-00790,WH-083,WH-031,836.34,255
RT-00791,WH-078,WH-015, 69.43619598802871 ,141
 RT-00792 ,WH-059,WH-024,775.42,109
RT-00793,WH-017,WH-033,1270.57,182
RT-00794, WH-053 ,WH-007,523.05
RT-00795,WH-058, WH-082 ,1345.05,128
RT-00796,WH-100,WH-001,939.22,252
RT-00797,WH-016,WH-042,425.86,349
RT-00798,WH-020,WH-030,147.03,166
RT-00799,WH-092,WH-050,1032.75,37
RT-00800,,WH-005,1079.5308725963316km,48
RT-00801,WH-097,WH-004,970.42,232
RT-00802,WH-068,WH-095,236.77,266
RT-00803,WH-052,WH-002,737.19,211
 RT-00804 ,WH-051,wh-007,616.10,35
RT-00805,WH-003,WH-099,1436.12,300
RT-00806,WH-063,wh-010,45.05,322
RT-00807,WH-088,WH-071,1007.26,309
RT-00808,WH-021,WH-059,55.08,22
RT-00809,WH-047,WH-008,400.16,197
RT-00810,WH-011,WH-004,,240
RT-00811,WH-069,WH-037,1037.02,197
RT-00812,WH-035,WH-049,64.48,211
RT-00813,WH-004,WH-058,1122.12,131
RT-00814,WH-038,WH-043,707.21,143
RT-00815,WH-015,WH-008,475.43,231
rt-00816,WH-062,WH-023,128.29,220
RT-00817,WH-014, WH-059 ,249.99,257
RT-00818,WH-012,WH-061,895.11,184
RT-00819,WH-099,WH-049,438.62,200
RT-00820,WH-066,WH-053,428.46,283
RT-00821,WH-065, WH-061 ,1482.19,278

RT-00822,WH-003,WH-090,248.96,329
RT-00823,WH-058,WH-042,1372.17,149
RT-00824, WH-073 ,WH-043,196.75,272
 RT-00825 ,WH-047,WH-051,843.34,105
RT-00826,WH-047,WH-040,69.89,282
rt-00827,WH-072,WH-068,1010.51,359
RT-00828,wh-014,WH-008,1062.47,272
RT-00829,WH-057,wh-091,1331.90,347
RT-00830,WH-080,WH-065,N/A,262
RT-00831, WH-058 ,WH-015,461.48,156
RT-00832,WH-011,WH-059,757.35,92
RT-00833,WH-077,WH-083,293.88,165
RT-00834,WH-039,WH-033,205.20,294
RT-00835,WH-071,WH-048,N/A,247
RT-00836,WH-002,WH-089,1365.97,311
RT-00837,WH-033,WH-082,728.44,22
RT-00838,WH-090,WH-024,1455.81,336
RT-00839,,WH-006,1182.48,261
RT-00840,wh-093,WH-005,1112.96,297
RT-00841,WH-082,WH-021,534.35,105
,WH-005,WH-071, 968.1949167322239 ,186
RT-00843,,WH-080,137.46,156
RT-00844,WH-068,WH-008,1159.86
RT-00845,WH-030,WH-011,213.45,121
RT-00846,WH-033,wh-090,1139.60,61
RT-00847,WH-027,WH-097,275.74,26
RT-00848,WH-066,WH-070,1374.07,245
RT-00849,WH-089,WH-088,798.83,194
RT-00850,WH-089,WH-052,453.74,104
RT-00851,WH-051,WH-028,807.00,244
RT-00852,WH-095,WH-002,333.09,296
RT-00853,WH-039,WH-033,729.48,235
RT-00854,WH-056,WH-054,174.48,241
RT-00855,WH-003,WH-085,995.07,301

RT-00856, WH-068 ,WH-019,816.26,122
 RT-00857 ,WH-076,wh-006,1440.32,
RT-00858,WH-036,WH-004, 871.3954553212789 ,329
RT-00859,WH-024,WH-071,480.15848289912003km,N/A
RT-00860,WH-086,WH-081,1388.87,83
RT-00861,WH-050,WH-052,1038.33,
RT-00862,WH-027, WH-021 ,1193.8484435306182km,43
RT-00863,WH-073,WH-093,777.26,148
RT-00864,WH-011,WH-001,632.21,312
RT-00865,WH-087,WH-003,51.78,85
rt-00866,WH-067,WH-059,1049.92,319
RT-00867, WH-055 ,WH-001,332.69,29
RT-00868,WH-080,WH-088,353.78,98
RT-00869,WH-033,WH-048,709.10,329
 RT-00870 ,WH-023,WH-061,901.61,43
RT-00871,WH-044,WH-082,1220.91,113
RT-00872,WH-096,WH-075,665.33,299
RT-00873,WH-011,WH-046,997.38,124
RT-00874,WH-009,WH-093,1377.15,104
RT-00875,WH-040,WH-082,1281.97,305
RT-00876,WH-064,WH-074,151.05,216
RT-00877,WH-001,WH-067,874.34,186
RT-00878,WH-071, WH-037 ,617.59,53
RT-00879,wh-014,WH-034,979.15,96
RT-00880,WH-019,WH-087,120.16,180
RT-00881,WH-098,wh-076,486.83,226
RT-00882,WH-085,WH-099,851.50,328
rt-00883,WH-045,WH-085,1073.38,174
RT-00884,WH-042,WH-075,499.76,344
RT-00885,WH-010,WH-081,557.39,93
RT-00886,wh-037,WH-032,172.95
RT-00887,WH-066,WH-044,192.66,93
RT-00888,,WH-053,1339.67,108

RT-00889,WH-037,WH-039,1304.86,202
RT-00890,WH-020,WH-073,1129.87,356
RT-00891,WH-017,WH-065,464.09,38
RT-00892,WH-043,WH-028,1494.57,36
RT-00893,WH-038,WH-037,1332.93,68
RT-00894,WH-022,WH-001,1392.18,102
RT-00895,WH-099,WH-098,1207.18,341
,WH-079,WH-005,505.50,181
RT-00897,,WH-058,296.49,128
RT-00898,WH-062,WH-074,273.30,300

RT-00899,WH-013,WH-094,41.00,213
RT-00900,WH-007,WH-071,875.99,187
RT-00901,WH-028,WH-088,253.38,189
RT-00902,WH-026,WH-035,1377.70,23
RT-00903,,WH-076,345.19,191
RT-00904,WH-088,WH-048,1070.23,341
RT-00905,WH-003,WH-057,428.37,326
RT-00906,WH-025,wh-084,668.27,174
RT-00907, WH-090 ,WH-037,1174.88,308
RT-00908,,WH-043,671.78,234
RT-00909,WH-006,WH-047,470.51,242
RT-00910,WH-029,WH-063,820.44,130
RT-00911,WH-072,WH-007,653.94,63
RT-00912,WH-058,WH-016,152.88,354
RT-00913,WH-058,WH-079,1103.35,242
RT-00914,WH-075,WH-068,1188.56,63
RT-00915,WH-015,WH-017,68.42,44
RT-00916,WH-035,WH-005,1129.74,60
RT-00917,WH-056,WH-033,929.74,284
RT-00918,WH-047,WH-093,462.90,29
RT-00919,WH-078,WH-091,289.82,342
 RT-00920 ,WH-010,WH-004,97.82,52
RT-00921,WH-048,WH-009,890.89,348
RT-00922,WH-082,WH-009,743.99,182
RT-00923,WH-060,WH-047,1223.64,68
RT-00924,WH-096,WH-021,385.03,122
RT-00925,WH-049,WH-027,813.26,168
RT-00926,WH-071,wh-080,374.92,172
RT-00927,WH-016,WH-023,1491.88,100
RT-00928,WH-025,WH-073,856.38,163
 RT-00929 ,WH-040,WH-095, 90.73410169742536 ,308
RT-00930,WH-093,WH-053,1129.89,219
RT-00931,WH-076,WH-005,1275.90,319

RT-00932,WH-038,WH-084,912.21,345
RT-00933,WH-081,WH-096,1412.20,168
 RT-00934 ,WH-008,WH-064,595.03,233
rt-00935,WH-068,WH-073,898.43,299
RT-00936,WH-037,WH-024,810.95,344
RT-00937,WH-082,WH-062,1228.15,316
RT-00938,WH-059,WH-012,1149.34,323
RT-00939,WH-019,WH-004,287.08,231
RT-00940,WH-023,WH-042,855.64,139
RT-00941,WH-085,WH-069,144.09,312
RT-00942,WH-048,WH-025,1000.73,357
RT-00943,WH-088,WH-100,194.79,336
RT-00944,WH-088,WH-075,615.38,127
RT-00945,WH-064,WH-041,415.84,85
RT-00946,WH-080, WH-022 ,610.30,280
RT-00947,WH-088,WH-090,620.57,285
RT-00948,WH-091,WH-054,191.19,231
RT-00949,WH-094,WH-034,67.00,77
RT-00950,WH-048,WH-038,784.87,86
rt-00951,wh-097,WH-029,949.76,146
RT-00952,WH-078,WH-086,107.58,214
rt-00953,WH-098,WH-003,,180
RT-00954,WH-096,WH-076,398.33,190
RT-00955,WH-075,wh-039,1093.61,210
RT-00956,WH-079,WH-019,285.30,250
RT-00957,WH-045, WH-050 ,552.55,340
RT-00958,WH-051,WH-030,847.98,359
RT-00959,WH-024,WH-082,23.68,230
RT-00960,WH-024,wh-042,770.05,36

RT-00961,WH-050,WH-098,811.05,309
RT-00962,WH-071,WH-070,1419.75,50
RT-00963,WH-038,WH-054,460.16,343
RT-00964,WH-053,,1292.95,183
RT-00965,WH-049,WH-087,1395.74,N/A
 RT-00966 ,WH-014,WH-086,957.43,156
RT-00967,WH-025,WH-001,1204.97,231
 RT-00968 ,WH-091,WH-027,1311.58,250
RT-00969,WH-053,wh-001,1072.72,186
RT-00970,WH-063,WH-036,1145.25,164
RT-00971,WH-091,WH-098,1483.65,51
RT-00972,wh-054,wh-075,296.01,269
RT-00973,WH-053,WH-045,1448.53,38
RT-00974,WH-056,WH-081,1377.23
RT-00975,WH-035,WH-052,421.28,N/A
RT-00976,WH-091,WH-029,309.70,75
RT-00977,WH-063,WH-049,785.72,143
RT-00978,WH-071,WH-066,982.74,302
RT-00979, WH-083 ,WH-016,1088.77,70
RT-00980,WH-076,WH-092,,254
RT-00981,WH-089,WH-010,856.40,343
RT-00982,WH-031,WH-047,850.25,60
RT-00983,WH-027,WH-085,179.62,236

RT-00984,WH-028,WH-031,786.36,226
RT-00985,WH-002,WH-020,278.27,291
RT-00986,WH-091,WH-100,1467.45,244
RT-00987,WH-082,WH-034,47.56,218
RT-00988, WH-080 ,WH-020,147.39,223
,WH-026,WH-066,1010.95,267
RT-00990,WH-012,WH-088,676.88,169
RT-00991,WH-047,WH-019,483.85,248
RT-00992,WH-016,WH-010,641.35,149
RT-00993,WH-044,WH-005,306.95,90
RT-00994,WH-032,WH-064,994.22,70
RT-00995,WH-034,WH-010, 252.58722444546734 ,128
rt-00996,WH-083,WH-089,415.47,183
 RT-00997 ,WH-008,WH-066,797.58,258
RT-00998,WH-016,WH-032,1440.95,299
RT-00999,WH-052,WH-088,208.10,310
RT-01000,WH-006,WH-050,1164.1700660103213km,118
RT-01001,WH-027,wh-033,678.14,210
RT-01002,WH-096,WH-061,1390.54,323
RT-01003,WH-019,WH-085,151.03,80
rt-01004,WH-001,WH-047,822.42,213
RT-01005, WH-079 ,WH-003,343.44,53
RT-01006,WH-047,WH-019,1261.12,199
RT-01007,WH-010,WH-009,633.74,255
RT-01008,wh-052,WH-060,11.40,49
RT-01009,WH-022, WH-026 ,12.98,N/A
RT-01010,WH-022,WH-049,896.90,281
RT-01011,WH-027,WH-024,122.00,319
RT-01012,WH-072,WH-057,381.77,29
,WH-052,,440.28,121
RT-01014,WH-012,WH-067,276.17,273
RT-01015,,WH-062,613.45,164
RT-01016,WH-074,WH-007,1010.03,306
rt-01017,WH-018,WH-028,646.16,30
RT-01018,WH-068,WH-077,439.92,330
RT-01019,WH-024,WH-075,1175.98,97
RT-01020,WH-032,WH-002,1283.7823725710123km,145
RT-01021,WH-073,WH-029,833.38,289
RT-01022,WH-012,WH-028,664.03,38
RT-01023,WH-062,WH-034,239.94,17
RT-01024,WH-057,WH-044,1157.05,243
 RT-01025 ,WH-069,WH-055,596.60,184
RT-01026,WH-024,WH-013,1488.72,291
RT-01027,WH-070,WH-054,1425.35,32
,WH-099,WH-086,713.04,299
RT-01029,WH-031,WH-007,870.69
RT-01030,WH-094,WH-072,,35
RT-01031,WH-029,WH-066,117.63,203
RT-01032,WH-016,WH-014,579.62,108
RT-01033,WH-004,WH-053,529.65,307
rt-01034,WH-015,WH-056,1272.0101286093782km,127
rt-01035,WH-082,WH-086,,90
RT-01036,WH-046,WH-039,1023.52,225
RT-01037,WH-068,WH-053,159.33,82
RT-01038,,WH-072,577.36,65
RT-01039,WH-047,WH-008,55.58,249
RT-01040,WH-056, WH-004 ,705.4912271200053km,90
RT-01041,WH-045, WH-074 ,799.20,149
RT-01042,WH-017,WH-008,877.75,117
RT-01043,WH-050,WH-029,1093.80,286

RT-01044,WH-029,WH-069,1175.94,145
RT-01045,WH-062,WH-022,71.03,112
RT-01046,WH-033,WH-094,344.77,325
RT-01047, WH-062 ,WH-021,934.08,63
RT-01048,WH-077,WH-089,716.79,27
RT-01049,WH-038, WH-084 ,310.46
RT-01050,WH-098,WH-002,529.78,119
RT-01051,WH-090, WH-022 ,1360.78,97
RT-01052,WH-088,WH-056,1455.11,284
RT-01053,WH-079,WH-070,1113.99,312
RT-01054,WH-018,,1430.59,55
RT-01055,WH-076,WH-027,1391.49
RT-01056,WH-010, WH-043 ,190.29,232
RT-01057,WH-040,WH-048,159.09,37
RT-01058,WH-014, WH-092 ,570.86,335
RT-01059,WH-019,WH-003,1362.10,65
RT-01060,WH-001,WH-068,937.90,261
RT-01061,WH-098,WH-095,null,90
 RT-01062 ,WH-025,WH-031,189.57,64
RT-01063,WH-089,WH-092,100.87,242
RT-01064,WH-012,WH-064,null,135
,WH-080,WH-095,1136.07,64
RT-01066,WH-089,WH-026,58.54,34
rt-01067, WH-080 ,WH-048,100.98,282
RT-01068,WH-061,WH-038,134.38,140
RT-01069,WH-009,WH-051,1334.49,150
RT-01070,WH-043,WH-085,789.75,307
RT-01071,WH-008,WH-084,423.04,42
RT-01072,WH-053,WH-090,1098.16,99
RT-01073,WH-097,WH-091,1218.47,208
RT-01074,WH-056,WH-062,1363.02,319
RT-01075,WH-070,WH-093,919.95,50
RT-01076, WH-067 ,WH-041,597.24,45
,WH-058,WH-062,547.87,351
RT-01078,WH-051,WH-028,138.01,121
RT-01079,WH-060,WH-075,385.06,20
RT-01080,WH-096,WH-001,315.60,98
RT-01081,wh-013,WH-007,1377.90,119
RT-01082,wh-096,WH-086,160.34,110
RT-01083,WH-081,WH-020,985.64,317
RT-01084,WH-041,WH-096,669.91,153
RT-01085,WH-074,WH-089,null,345
RT-01086,WH-015,WH-055,1286.39,177
RT-01087,WH-076,WH-092,1494.41,77
RT-01088,WH-024,wh-086,346.83,251
RT-01089,WH-052, WH-100 ,740.42,328
RT-01090,WH-050,WH-087, 87.99597692754136 ,319
RT-01091,WH-004,WH-056,375.69,298
rt-01092,WH-062,WH-010,653.57,71
RT-01093,WH-097,WH-018,211.30,101
RT-01094,WH-079,WH-075,834.17,254
RT-01095,,WH-093,531.61,102
RT-01096,WH-086,WH-035,101.74,47
RT-01097,WH-043,WH-077,1351.44,327
RT-01098,WH-093,wh-049,918.13,49
RT-01099,WH-009,WH-068,1248.80,88
RT-01100,WH-097,WH-061,826.73,207
RT-01101,WH-013,WH-005,757.88,331
RT-01102,WH-040,WH-014,210.46,255
RT-01103,WH-016,WH-041,468.50,36
RT-01104,WH-065,WH-074,1069.17,151
RT-01105,WH-023,WH-009,300.04,57
RT-01106,WH-034,WH-092,407.29,206,
rt-01107,WH-003,WH-049,1201.66,283
RT-01108, WH-079 ,WH-080,1406.55,
RT-01109,WH-041,WH-066,776.43,37
RT-01110, WH-074 ,WH-079,371.00,227
RT-01111,WH-031,WH-048,N/A,148
RT-01112,WH-048,WH-041,178.75,119
,WH-070,WH-038,1135.45,173
RT-01114, WH-097 ,WH-060,780.50,321
RT-01115,wh-001,wh-070,864.97,76
RT-01116,WH-008,WH-097,723.66,17
RT-01117,WH-040,WH-045,984.81,339
RT-01118,WH-027,WH-044,833.69,280
RT-01119,WH-050,WH-046,99.88,281
RT-01120,WH-052,WH-064,210.10,216
RT-01121,WH-036,WH-049,577.94
RT-01122,WH-023,WH-083,874.02,198
RT-01123,WH-084,WH-030,125.64,239
 RT-01124 ,WH-020,WH-064,630.10,66
RT-01125,WH-025,wh-031,203.02,
RT-01126,WH-051,WH-096,780.26,130
RT-01127,WH-046,WH-082,1407.47,184
RT-01128,WH-070,WH-045,1271.14,237
RT-01129,wh-053,WH-011,97.83,94
RT-01130,WH-032,WH-023,912.82,82
RT-01131,wh-097,WH-028,438.72,142
RT-01132,WH-048,WH-031,1157.49,262
RT-01133,WH-065,WH-038,682.19,179
RT-01134,WH-082,WH-025,1478.11,119
RT-01135,WH-039,WH-025,1392.63,313
RT-01136,WH-008,WH-077,1071.93,87
 RT-01137 ,WH-069,WH-042,627.56,45
RT-01138,WH-009,WH-083,1357.32,220
RT-01139,WH-089,WH-077,235.97,244
RT-01140,WH-012,WH-076,170.54,56
RT-01141, WH-012 ,WH-039,1316.93,98
RT-01142,WH-096,WH-005,510.98,257
RT-01143,WH-010,WH-081,805.71,294
RT-01144,WH-079,WH-057,714.73,26
RT-01145,WH-046,WH-077,128.82,210
RT-01146,WH-030,WH-064,1482.96
 RT-01147 ,WH-091,WH-035, 22.012886562581514 ,143
RT-01148,WH-051,WH-023,852.23,250
rt-01149,WH-074,WH-092,939.77,262
RT-01150,WH-069,WH-058,746.53,85
RT-01151,WH-040,WH-056,1009.77,57
RT-01152,wh-097,WH-081,690.48,325
RT-01153,WH-032,WH-094,924.06,260
RT-01154,,wh-038, 637.9015762705902 ,347
 RT-01155 ,WH-098,WH-073,782.28,341
RT-01156,wh-025,WH-035,365.41,193
 RT-01157 ,WH-068,WH-040, 399.3460287005004 ,138
RT-01158,WH-038,WH-095,512.25,77
RT-01159, WH-048 ,WH-062,379.63,165
RT-01160,WH-015,WH-033,1015.29,343
RT-01161,WH-098,WH-100,638.31,277
RT-01162,WH-045,WH-060,159.25,350
RT-01163,WH-059,WH-084,729.96,92
RT-01164,WH-013,WH-075, 729.4734428657848 ,60
 RT-01165 ,WH-021,WH-083,655.99,313
RT-01166, WH-051 ,WH-022,725.74,52
RT-01167,WH-072,WH-005,1199.42,262
RT-01168,WH-030,WH-090,903.75,44

RT-01169,WH-021,WH-017,1249.22,28
RT-01170, WH-091 , WH-052 ,829.01,53

RT-01171,wh-095,WH-089,975.61,35
RT-01172,WH-027, WH-024 ,382.47,255
RT-01173,wh-071,WH-050,564.03,164
RT-01174,WH-034,WH-020,75.27,351
RT-01175,WH-035,WH-087,364.94,195
RT-01176,WH-054, WH-069 ,544.99,133
RT-01177,WH-035,WH-061,681.28,43
 RT-01178 ,WH-044,WH-098,228.62,273
RT-01179,WH-075,WH-014,181.04,
,WH-067,WH-097,1001.93,322
RT-01181,WH-040,wh-047,734.74,119
RT-01182,WH-051,WH-023,994.38,121
RT-01183,WH-083,WH-052,1139.01,19
RT-01184,WH-071,WH-088,1212.29,28
RT-01185,WH-075,WH-080,1132.70,204
RT-01186,WH-099,WH-008,1468.40,164
RT-01187,WH-095,WH-011,303.02,265
RT-01188,WH-077,WH-047,757.08,320
RT-01189,WH-048,WH-074,1444.07,22
RT-01190, WH-042 ,WH-082,1184.31,348
RT-01191,WH-062,WH-012,1477.92,91
RT-01192,WH-045,WH-035,433.72,355
RT-01193,WH-079,WH-029,582.04,34
RT-01194,WH-031,wh-052,591.33,246
RT-01195,WH-033,WH-008,500.15,122
rt-01196,WH-049,WH-085,781.02,193
RT-01197,WH-074,WH-020,176.72,283
RT-01198,WH-083,wh-017,null,324
RT-01199,WH-048,WH-083,35.36,256
RT-01200,WH-093,WH-027,163.63,279
RT-01201,WH-052,WH-018,94.94,93
RT-01202,WH-056,WH-041,761.30,236
RT-01203,WH-078,WH-041,177.34,258
RT-01204,WH-084,WH-031,568.74,128
RT-01205,WH-066,WH-051,1034.71,107
RT-01206,WH-022,,170.97,339
 RT-01207 ,WH-014,wh-083,229.81,215
rt-01208,WH-001,WH-013,null,266
rt-01209,WH-004,wh-088,685.97,167
RT-01210, WH-011 ,WH-061,627.49, 109 
RT-01211,WH-045,WH-021,1117.41,267
rt-01212,WH-004,WH-078,455.51,47
RT-01213,wh-020,WH-073,742.50,237
RT-01214,WH-016,WH-097,610.71,103
RT-01215,wh-047,WH-096,653.87,158
RT-01216,,WH-049,1392.22,256
RT-01217,WH-032,WH-007,518.07,323
rt-01218,WH-076,WH-065,713.47,283
RT-01219,WH-014,WH-007,931.28,317
RT-01220,WH-040,WH-049,167.66,270
RT-01221,WH-029,WH-097,383.30,305
RT-01222,WH-002,WH-018,1402.88,28
RT-01223,WH-075,WH-051,441.72,28
RT-01224,WH-036,WH-018,684.12,142
 RT-01225 ,WH-029,WH-052,null,352
RT-01226,WH-044,WH-082,502.00,353

RT-01227,WH-082,WH-026,,149
RT-01228,WH-048,WH-074,570.41,195
RT-01229,WH-016,WH-028,103.60,255
RT-01230,WH-065,WH-060,951.72,105
RT-01231,WH-040,WH-036,1198.56,30
RT-01232,WH-089,WH-029,491.40,268
RT-01233,WH-058,WH-094,970.75,171
 RT-01234 ,WH-062,WH-059,592.21,93
RT-01235,WH-016,wh-080,1441.68,207
RT-01236,WH-016,WH-011,46.42,294
RT-01237,WH-040,WH-066,478.23,300
RT-01238,WH-017, WH-055 ,1478.64,329
RT-01239,WH-044,WH-005,434.35,192
RT-01240, WH-099 ,WH-040,1323.38,314
RT-01241,WH-040,WH-068,386.54,328
RT-01242, WH-076 ,WH-030,1064.18,235
 RT-01243 ,WH-060,WH-012,555.16,285
RT-01244,WH-069,WH-020,778.70,186
RT-01245,WH-028,WH-020,1009.94,61
RT-01246, WH-006 ,WH-004,121.77,71
RT-01247,WH-021,WH-084,227.30,300
 RT-01248 ,WH-053,WH-055,591.41,289
RT-01249,WH-034,wh-051,367.86,146
RT-01250,WH-091,WH-094,980.32,134
RT-01251,WH-027,WH-062,180.41,121
RT-01252,WH-086,WH-069,973.54,77
RT-01253,WH-087,WH-016,1253.28,110
RT-01254,WH-033,WH-035,266.16,86
RT-01255,WH-003,WH-002,1322.49,293

RT-01256,WH-085,WH-005,,151
RT-01257,WH-091,WH-024,996.43,349
RT-01258, WH-100 ,WH-007,612.62,132
RT-01259,WH-082,WH-027,792.11,134
RT-01260,WH-001,WH-055,1045.70,130
RT-01261,WH-006,WH-066,1248.10,250
RT-01262,WH-054,WH-017,521.83,198
RT-01263,WH-079,WH-058,1235.57,182
RT-01264,WH-051,WH-075,null,51
RT-01265,WH-021,WH-004,624.85,288
RT-01266,wh-003, WH-055 ,51.88,224
RT-01267,WH-056,WH-018,751.29,324
RT-01268,WH-059,WH-026,644.66,179
RT-01269,WH-082,WH-097,332.78,72
RT-01270,wh-066,WH-056,19.73,278
RT-01271,WH-044,WH-095,893.55,102
RT-01272,WH-007,,1259.45,220
RT-01273,WH-001,WH-073,527.49,256
RT-01274,WH-081,WH-019,363.82,313
RT-01275,WH-016,WH-009,1104.55,144
RT-01276,wh-026,WH-040,339.38,282
RT-01277,WH-047,WH-004,818.40,270
RT-01278,WH-005,wh-057,640.75,59
RT-01279,WH-069,WH-012,724.63,121,
RT-01280,WH-092,WH-038,188.50,358
RT-01281,WH-038,WH-072,506.45,20
,WH-012,WH-024,1204.36,331
RT-01283,WH-014,WH-073,15.13,205
RT-01284,WH-039,wh-051,835.39,61
RT-01285,WH-010,WH-059,684.23,79
RT-01286,WH-042,WH-088,1436.46,320
RT-01287,WH-007,WH-077,139.58,160
RT-01288,WH-007,WH-074,583.64,312
RT-01289,WH-041, WH-021 ,102.18,167
rt-01290, WH-052 ,WH-059,1306.36,122
RT-01291,WH-053,WH-008,251.92,344
RT-01292,WH-002,WH-049,362.89,283
RT-01293,WH-093,WH-092,265.44,290
RT-01294,WH-050,WH-042,881.12,334
RT-01295,WH-077,WH-034,N/A,263
RT-01296,WH-068,WH-040,97.06,268
RT-01297,WH-005,WH-001,263.82,271
RT-01298,WH-010,WH-031,132.04,356
 RT-01299 ,WH-041,WH-053,969.18,354
RT-01300,WH-063,WH-033,null,44
RT-01301,WH-029,WH-046,905.28
RT-01302,WH-020,WH-037,1409.8919072678577km,258
RT-01303,WH-024,wh-050,616.12,149
,WH-051,WH-092,588.60,204

RT-01305,WH-036,WH-022,null,42
rt-01306,wh-013,WH-079,542.00,197
RT-01307,WH-081,WH-023, 534.1257184455533 ,330
RT-01308,WH-068,WH-097,458.82,349
RT-01309,WH-062,WH-065,1237.32,235
RT-01310,WH-070,WH-075,1384.50,298
RT-01311,WH-055,WH-056,210.30,317
RT-01312,WH-016,WH-095,702.92,231

RT-01313,WH-091,WH-006,1007.51, 119 
RT-01314,WH-085,WH-056,950.86,236
RT-01315,WH-048,WH-030,1262.05,252
RT-01316,WH-076,WH-023,673.93,195
RT-01317, WH-015 , WH-034 ,405.12,308,
RT-01318,WH-082,WH-100,306.66,345
RT-01319, WH-039 ,WH-094,504.35, 37 
RT-01320,WH-030,WH-086,256.43,292
RT-01321,wh-011,WH-070, 34.06925175553434 ,146
RT-01322,WH-061,WH-097,49.34,261
RT-01323,WH-040,WH-066,266.98,39
RT-01324,WH-041,WH-075,null,50
RT-01325,WH-071,WH-070,null,87
RT-01326,WH-090,WH-005,697.73,328
RT-01327,WH-072,WH-092, 373.6444390913645 ,341
RT-01328,,WH-005,1234.09,279
RT-01329,WH-086,WH-025,575.72,96
RT-01330,WH-012, WH-082 ,959.27,66
RT-01331,WH-059,WH-015,799.38,119
RT-01332,WH-012,WH-044,120.17,243
,WH-028,WH-094,1487.92,183
RT-01334,WH-062,WH-084,20.87,151
RT-01335,WH-019,WH-013,654.23,53
rt-01336,WH-068,WH-072,1320.28,161
RT-01337,WH-061,WH-086,964.18,132
,WH-056,WH-001,1221.93,195
RT-01339,WH-085,WH-074,418.53037865402433km,332
rt-01340,WH-030,WH-051,553.19,220
RT-01341,WH-071,WH-011,811.75,225
RT-01342,WH-082,WH-067,null,203
RT-01343,WH-053,wh-082,72.05,326
RT-01344,WH-093,WH-048,280.60,91
RT-01345,WH-020,WH-048,808.5142906391329km,268
RT-01346,WH-008,WH-093,692.88,253
RT-01347,wh-088,WH-044,1226.17,63
RT-01348,WH-033,wh-015,1241.23,309
RT-01349,WH-100,WH-089,409.69,327
RT-01350,WH-084,WH-013,422.44,77
RT-01351,WH-061,WH-058,468.90,350
RT-01352,WH-028,WH-049,233.15,323
RT-01353,WH-060,WH-003,481.04,79
RT-01354,WH-006,WH-043,1427.25,232
RT-01355,WH-057,WH-099,1258.96,167
RT-01356,WH-054,WH-008,1441.62,250
RT-01357,,wh-087, 1499.2982399007303 ,284
RT-01358,WH-041,WH-037,462.15,39
RT-01359,WH-066,WH-075,409.79,217
rt-01360,WH-054,WH-058,null,110
RT-01361,WH-043,WH-094,1197.23,296
RT-01362,WH-042,WH-094,1486.76,244
RT-01363,WH-100,WH-049,N/A,340
rt-01364,WH-010,WH-084,590.10,291
RT-01365,WH-052,WH-088,219.58,60
RT-01366,WH-009,WH-025,657.67,324
,WH-069,wh-015,1215.74,N/A
RT-01368,WH-024,WH-042,996.44,289
RT-01369,WH-094,WH-091,297.88,81
rt-01370,WH-023, WH-099 ,175.18,46
RT-01371,WH-018,WH-052,440.49,246
RT-01372,WH-086,WH-031,12.11,241
RT-01373,WH-089,WH-018,452.64,210
RT-01374,WH-098,WH-014,1293.67,143

RT-01375,WH-034,WH-060,1175.90,174
RT-01376,WH-049,WH-044,461.14,298
,WH-072,WH-085,1181.30,229
RT-01378,WH-050,WH-046,1471.35,242
RT-01379,WH-085,WH-062,1146.36,261
RT-01380,,WH-080,29.96,89
RT-01381,WH-081,WH-058,876.79,205
RT-01382,WH-093, WH-012 ,580.83,154
RT-01383,WH-015,WH-014,,55
 RT-01384 ,WH-083,WH-020,1266.18,196
RT-01385,WH-075,WH-023,731.28,232
RT-01386,WH-048,WH-077,557.17,287
RT-01387,WH-001,WH-018,793.95,255
RT-01388,WH-011,WH-004,1019.00,137
RT-01389,WH-022,WH-071,141.90,283
rt-01390,WH-090,WH-062,919.09,149
RT-01391,WH-034,WH-003,975.97,191
RT-01392,WH-081,WH-086,223.12,241
RT-01393,,WH-037,859.79,325
RT-01394,WH-012,WH-038,38.94,27
RT-01395,WH-066,WH-051,103.32,61
RT-01396,WH-084,WH-069,1322.57,213
RT-01397,WH-028,WH-079,1417.01,266
RT-01398,WH-075,WH-082,440.09,244
RT-01399,WH-007,WH-025,100.76,185
RT-01400,WH-056,WH-025,1412.65,259
RT-01401,WH-036,WH-038,729.64,264
RT-01402,WH-018,WH-076,354.86,340
RT-01403,WH-015,WH-069,,151
RT-01404,WH-095,WH-005,1481.64,76
RT-01405,WH-048,WH-045,838.86,157
RT-01406,WH-023,WH-001,574.26,187
RT-01407,WH-076,WH-093,44.10,274
RT-01408,WH-099, WH-021 ,355.44,102
RT-01409,,,475.91,88
RT-01410,WH-050,WH-043,1039.72,187,
RT-01411,WH-047,WH-087,990.47,50
RT-01412,WH-012,,1088.18,104
rt-01413,WH-043,WH-077,1260.62,299
 RT-01414 ,WH-061,WH-016,149.66,207
RT-01415,WH-083,WH-061,575.90,94
RT-01416,WH-009,WH-066,72.16,307
RT-01417,WH-063,WH-074,1337.94,61
rt-01418,WH-002,WH-062,727.18,206
RT-01419,WH-058,wh-037,868.00,118
RT-01420,WH-088,WH-047,151.70,80
RT-01421,WH-039,WH-052,941.89,293
rt-01422,WH-079, WH-035 ,255.74,163
RT-01423,WH-074,wh-019,1081.70,204
RT-01424,WH-010,,1426.33,103
RT-01425,WH-061,WH-011,1312.61,211
RT-01426,WH-063,,1358.146492325931km,294
RT-01427,WH-056, WH-048 ,431.11,189
RT-01428,WH-051,WH-015,421.84,199
RT-01429,WH-095,WH-003,474.83,103
RT-01430,WH-048, WH-018 ,999.84,254
RT-01431,wh-095,WH-077,562.13,126
RT-01432, WH-007 ,WH-039,435.25,62
RT-01433,WH-022,WH-094,1278.49,256
rt-01434,WH-040,WH-033,,15
RT-01435,WH-011,WH-037,323.14,344
RT-01436,WH-087,WH-054,10.33,175
rt-01437,WH-022,WH-035,1119.87,287
RT-01438,WH-008,WH-077,1350.99,142
RT-01439,WH-085,WH-024,506.15,21
RT-01440,WH-092,WH-084,1237.39,235

 RT-01441 ,WH-096,WH-052,98.45,49
RT-01442,WH-002,WH-084,1284.19,221
RT-01443,WH-022,WH-035,1287.16,93
rt-01444,WH-097,WH-064,11.34, 233 
RT-01445,WH-048,WH-067,1388.19,33
RT-01446,WH-027,WH-024,21.14,204
RT-01447,WH-046,WH-071,512.04,237
RT-01448,WH-044,WH-050,1024.72,297
RT-01449,WH-069,WH-002,1088.68,216
RT-01450,WH-086,WH-100,18.87,39,
RT-01451,WH-012,WH-035,74.75,93
RT-01452,WH-097,,638.58,177
RT-01453,WH-060,WH-016,496.98,351
RT-01454,WH-032,wh-061,733.38,197
RT-01455,WH-080,WH-015,942.35,326
RT-01456,wh-082,WH-030,378.29,176
RT-01457,WH-096,WH-015,601.19,323
 RT-01458 ,WH-068,WH-013,96.01,115
RT-01459,wh-042,WH-067,25.35,37
RT-01460,,WH-046,928.55,152,
 RT-01461 ,WH-017,WH-099, 93.03733658526073 ,227
rt-01462,WH-098,WH-016,1096.53,34
RT-01463,WH-063,WH-041,1429.32,168
RT-01464,WH-005,WH-086,1357.00,208
RT-01465,WH-005,WH-013,402.88,175
RT-01466,WH-045,WH-011,565.40,62
RT-01467,WH-082,WH-014,1110.39,85
RT-01468,WH-066,WH-043,690.97,172
RT-01469,WH-039,WH-061,308.30,197
RT-01470,wh-082,WH-012,1038.48,151
RT-01471,WH-048,wh-097,813.97,53
RT-01472,WH-068,WH-017,1475.16,185
RT-01473,WH-099,WH-048,1070.23,311
RT-01474,WH-058,WH-096,489.00,184
RT-01475,WH-024,WH-013,390.00,224
RT-01476,WH-057,WH-077,1038.94,277
RT-01477,WH-073,WH-011,351.18,296
RT-01478,WH-014,WH-040,983.05,250

RT-01479,WH-010,WH-050,106.77,228
RT-01480,WH-053,WH-071,406.87,92
RT-01481,WH-008,WH-062,487.74,343
RT-01482,WH-099,WH-064,1407.43,355
rt-01483,,WH-013,792.68,N/A
RT-01484, WH-087 ,WH-085,805.68,86
RT-01485,WH-099,WH-023,93.38,41
RT-01486,WH-069,WH-029,1265.49,127
RT-01487,WH-039,WH-043,706.82,147
RT-01488,WH-022,WH-071,271.23,169

RT-01489,WH-100,WH-066,1072.89,108
rt-01490,WH-017, WH-019 ,320.58,150,
RT-01491,WH-089,WH-041,243.05,124
rt-01492,WH-083,WH-026,1380.01,155
RT-01493,WH-067,WH-064,N/A,267
RT-01494,WH-092,WH-070,756.38,183
RT-01495,WH-041,WH-051,67.63,138

RT-01496,WH-079,WH-011,572.23, 127 
RT-01497,WH-089,wh-037,189.02,275
RT-01498,WH-012,wh-055,58.51,30
RT-01499,WH-036,WH-025,139.99,36
RT-01500, WH-098 , WH-064 ,429.35,59
RT-01501,WH-005,WH-054,156.00,173
